NA1A,NA2,NA3D,RJS19,PROD005,PROD008,PROD009,PROD010,PROD012,PROD014,PROD021,PROD023A,PROD024A,PROD025A,INJ003,INJ005,INJ006,INJ007,INJ010,INJ015,INJ017,INJ019,INJ021,INJ022,INJ023
0.000000,0.000000,0.000000,0.000000,0.000000,0.000000,0.000000,0.000000,0.000000,0.000000,0.000000,0.000000,0.000000,0.000000,0.000000,0.000000,0.000000,0.000000,0.000000,0.000000,0.000000,0.000000,0.000000,0.000000,0.000000
1998.000000,0.000000,0.000000,0.000000,0.000000,0.000000,0.000000,0.000000,0.000000,0.000000,0.000000,0.000000,0.000000,0.000000,0.000000,0.000000,0.000000,0.000000,0.000000,0.000000,0.000000,0.000000,0.000000,0.000000,0.000000
2015.000000,0.000000,0.000000,0.000000,0.000000,0.000000,0.000000,0.000000,0.000000,0.000000,0.000000,0.000000,0.000000,0.000000,0.000000,0.000000,0.000000,0.000000,0.000000,0.000000,0.000000,0.000000,0.000000,0.000000,0.000000
1934.000000,0.000000,0.000000,0.000000,0.000000,0.000000,0.000000,0.000000,0.000000,0.000000,0.000000,0.000000,0.000000,0.000000,0.000000,0.000000,0.000000,0.000000,0.000000,0.000000,0.000000,0.000000,0.000000,0.000000,0.000000
2014.000000,0.000000,0.000000,0.000000,0.000000,0.000000,0.000000,0.000000,0.000000,0.000000,0.000000,0.000000,0.000000,0.000000,0.000000,0.000000,0.000000,0.000000,0.000000,0.000000,0.000000,0.000000,0.000000,0.000000,0.000000
1975.000000,0.000000,0.000000,0.000000,0.000000,0.000000,0.000000,0.000000,0.000000,0.000000,0.000000,0.000000,0.000000,0.000000,0.000000,0.000000,0.000000,0.000000,0.000000,0.000000,0.000000,0.000000,0.000000,0.000000,0.000000
1992.000000,0.000000,0.000000,1384.000000,0.000000,0.000000,0.000000,0.000000,0.000000,0.000000,0.000000,0.000000,0.000000,0.000000,0.000000,0.000000,0.000000,0.000000,0.000000,0.000000,0.000000,0.000000,0.000000,0.000000,0.000000
1954.000000,0.000000,0.000000,1269.000000,0.000000,0.000000,0.000000,0.000000,0.000000,0.000000,0.000000,0.000000,0.000000,0.000000,0.000000,0.000000,0.000000,0.000000,0.000000,0.000000,0.000000,0.000000,0.000000,0.000000,0.000000
2062.000000,0.000000,0.000000,1192.000000,0.000000,0.000000,0.000000,0.000000,0.000000,0.000000,0.000000,0.000000,0.000000,0.000000,0.000000,0.000000,0.000000,0.000000,0.000000,0.000000,0.000000,0.000000,0.000000,0.000000,0.000000
1956.000000,0.000000,1937.000000,1203.000000,0.000000,0.000000,0.000000,0.000000,0.000000,0.000000,0.000000,0.000000,0.000000,0.000000,0.000000,0.000000,0.000000,0.000000,0.000000,0.000000,0.000000,0.000000,0.000000,0.000000,0.000000
2039.000000,0.000000,0.000000,1215.000000,0.000000,0.000000,0.000000,0.000000,0.000000,0.000000,0.000000,0.000000,0.000000,0.000000,0.000000,0.000000,0.000000,0.000000,0.000000,0.000000,0.000000,0.000000,0.000000,0.000000,0.000000
1944.000000,0.000000,0.000000,1080.000000,0.000000,0.000000,0.000000,0.000000,0.000000,0.000000,0.000000,0.000000,0.000000,0.000000,0.000000,0.000000,0.000000,0.000000,0.000000,0.000000,0.000000,0.000000,0.000000,0.000000,0.000000
1988.000000,2077.000000,0.000000,1027.000000,0.000000,0.000000,0.000000,0.000000,0.000000,0.000000,0.000000,0.000000,0.000000,0.000000,0.000000,0.000000,0.000000,0.000000,0.000000,0.000000,0.000000,0.000000,0.000000,0.000000,0.000000
2071.000000,1961.000000,0.000000,1000.000000,0.000000,0.000000,0.000000,0.000000,0.000000,0.000000,0.000000,0.000000,0.000000,0.000000,0.000000,0.000000,0.000000,0.000000,0.000000,0.000000,0.000000,0.000000,0.000000,0.000000,0.000000
1991.000000,1995.000000,1973.000000,919.000000,0.000000,0.000000,0.000000,0.000000,0.000000,0.000000,0.000000,0.000000,0.000000,0.000000,0.000000,0.000000,0.000000,0.000000,0.000000,0.000000,0.000000,0.000000,0.000000,0.000000,0.000000
2035.000000,1981.000000,1732.000000,845.000000,0.000000,0.000000,0.000000,0.000000,0.000000,0.000000,0.000000,0.000000,0.000000,0.000000,0.000000,0.000000,0.000000,0.000000,0.000000,0.000000,0.000000,0.000000,0.000000,0.000000,0.000000
2059.000000,1855.000000,1526.000000,816.000000,0.000000,0.000000,0.000000,0.000000,0.000000,0.000000,0.000000,0.000000,0.000000,0.000000,0.000000,0.000000,0.000000,0.000000,0.000000,0.000000,0.000000,0.000000,0.000000,0.000000,0.000000
0.000000,0.000000,0.000000,0.000000,0.000000,0.000000,0.000000,0.000000,0.000000,0.000000,0.000000,0.000000,0.000000,0.000000,0.000000,0.000000,0.000000,0.000000,0.000000,0.000000,0.000000,0.000000,0.000000,0.000000,0.000000
0.000000,0.000000,0.000000,0.000000,0.000000,0.000000,0.000000,0.000000,0.000000,0.000000,0.000000,0.000000,0.000000,0.000000,0.000000,0.000000,0.000000,0.000000,0.000000,0.000000,0.000000,0.000000,0.000000,0.000000,0.000000
0.000000,0.000000,0.000000,0.000000,0.000000,0.000000,0.000000,0.000000,0.000000,0.000000,0.000000,0.000000,0.000000,0.000000,0.000000,0.000000,0.000000,0.000000,0.000000,0.000000,0.000000,0.000000,0.000000,0.000000,0.000000
0.000000,0.000000,0.000000,0.000000,0.000000,0.000000,0.000000,0.000000,0.000000,0.000000,0.000000,0.000000,0.000000,0.000000,0.000000,0.000000,0.000000,0.000000,0.000000,0.000000,0.000000,0.000000,0.000000,0.000000,0.000000
1989.000000,1915.000000,1406.000000,872.000000,0.000000,0.000000,0.000000,0.000000,0.000000,0.000000,0.000000,0.000000,0.000000,0.000000,0.000000,0.000000,0.000000,0.000000,0.000000,0.000000,0.000000,0.000000,0.000000,0.000000,0.000000
2056.000000,1850.000000,1161.000000,670.000000,0.000000,0.000000,0.000000,0.000000,0.000000,0.000000,0.000000,0.000000,0.000000,0.000000,0.000000,0.000000,0.000000,0.000000,0.000000,0.000000,0.000000,0.000000,0.000000,0.000000,0.000000
1722.000000,1834.000000,1086.000000,604.000000,0.000000,0.000000,0.000000,0.000000,0.000000,0.000000,0.000000,0.000000,0.000000,0.000000,0.000000,0.000000,0.000000,0.000000,0.000000,0.000000,0.000000,0.000000,0.000000,0.000000,0.000000
1608.000000,1843.000000,909.000000,571.000000,0.000000,0.000000,0.000000,0.000000,0.000000,0.000000,0.000000,0.000000,0.000000,0.000000,0.000000,0.000000,0.000000,0.000000,0.000000,0.000000,0.000000,0.000000,0.000000,0.000000,0.000000
1401.000000,1812.000000,813.000000,458.000000,0.000000,0.000000,0.000000,0.000000,0.000000,0.000000,0.000000,0.000000,0.000000,0.000000,0.000000,0.000000,0.000000,0.000000,0.000000,0.000000,0.000000,0.000000,0.000000,0.000000,0.000000
1251.000000,1548.000000,789.000000,415.000000,0.000000,0.000000,0.000000,0.000000,0.000000,0.000000,0.000000,0.000000,0.000000,0.000000,0.000000,0.000000,0.000000,0.000000,0.000000,0.000000,0.000000,0.000000,0.000000,0.000000,0.000000
1134.000000,1456.000000,703.000000,357.000000,0.000000,0.000000,0.000000,0.000000,0.000000,0.000000,0.000000,0.000000,0.000000,0.000000,0.000000,0.000000,0.000000,0.000000,0.000000,0.000000,0.000000,0.000000,0.000000,0.000000,0.000000
1059.000000,1250.000000,642.000000,352.000000,0.000000,0.000000,0.000000,0.000000,0.000000,0.000000,0.000000,0.000000,0.000000,0.000000,0.000000,0.000000,0.000000,0.000000,0.000000,0.000000,0.000000,0.000000,0.000000,0.000000,0.000000
868.000000,1131.000000,613.000000,285.000000,0.000000,0.000000,0.000000,0.000000,0.000000,0.000000,0.000000,0.000000,0.000000,0.000000,0.000000,0.000000,0.000000,0.000000,0.000000,0.000000,0.000000,0.000000,0.000000,0.000000,0.000000
880.000000,1056.000000,573.000000,305.000000,0.000000,0.000000,0.000000,0.000000,0.000000,0.000000,0.000000,0.000000,0.000000,0.000000,0.000000,0.000000,0.000000,0.000000,0.000000,0.000000,0.000000,0.000000,0.000000,0.000000,0.000000
785.000000,927.000000,509.000000,260.000000,0.000000,0.000000,0.000000,0.000000,0.000000,0.000000,0.000000,0.000000,0.000000,0.000000,0.000000,0.000000,0.000000,0.000000,0.000000,0.000000,0.000000,0.000000,0.000000,0.000000,0.000000
693.000000,823.000000,473.000000,247.000000,0.000000,0.000000,0.000000,0.000000,0.000000,0.000000,0.000000,0.000000,0.000000,0.000000,0.000000,0.000000,0.000000,0.000000,0.000000,0.000000,0.000000,0.000000,0.000000,0.000000,0.000000
616.000000,793.000000,466.000000,216.000000,0.000000,0.000000,0.000000,0.000000,0.000000,0.000000,0.000000,0.000000,0.000000,0.000000,0.000000,0.000000,0.000000,0.000000,0.000000,0.000000,0.000000,0.000000,0.000000,0.000000,0.000000
643.000000,834.000000,407.000000,200.000000,0.000000,0.000000,0.000000,0.000000,0.000000,0.000000,0.000000,0.000000,0.000000,0.000000,0.000000,0.000000,0.000000,0.000000,0.000000,0.000000,0.000000,0.000000,0.000000,0.000000,0.000000
550.000000,747.000000,389.000000,208.000000,0.000000,0.000000,0.000000,0.000000,0.000000,0.000000,0.000000,0.000000,0.000000,0.000000,0.000000,0.000000,0.000000,0.000000,0.000000,0.000000,0.000000,0.000000,0.000000,0.000000,0.000000
566.000000,739.000000,355.000000,171.000000,0.000000,0.000000,0.000000,0.000000,0.000000,0.000000,0.000000,0.000000,0.000000,0.000000,0.000000,0.000000,0.000000,0.000000,0.000000,0.000000,0.000000,0.000000,0.000000,0.000000,0.000000
475.000000,732.000000,336.000000,163.000000,0.000000,0.000000,0.000000,0.000000,0.000000,0.000000,0.000000,0.000000,0.000000,0.000000,0.000000,0.000000,0.000000,0.000000,0.000000,0.000000,0.000000,0.000000,0.000000,0.000000,0.000000
504.000000,688.000000,367.000000,174.000000,0.000000,0.000000,0.000000,0.000000,0.000000,0.000000,0.000000,0.000000,0.000000,0.000000,0.000000,0.000000,0.000000,0.000000,0.000000,0.000000,0.000000,0.000000,0.000000,0.000000,0.000000
459.000000,641.000000,349.000000,153.000000,0.000000,0.000000,0.000000,0.000000,0.000000,0.000000,0.000000,0.000000,0.000000,0.000000,0.000000,0.000000,0.000000,0.000000,0.000000,0.000000,0.000000,0.000000,0.000000,0.000000,0.000000
432.000000,614.000000,330.000000,162.000000,0.000000,0.000000,0.000000,0.000000,0.000000,0.000000,0.000000,0.000000,0.000000,0.000000,0.000000,0.000000,0.000000,0.000000,0.000000,0.000000,0.000000,0.000000,0.000000,0.000000,0.000000
468.000000,566.000000,326.000000,139.000000,0.000000,0.000000,0.000000,0.000000,0.000000,0.000000,0.000000,0.000000,0.000000,0.000000,0.000000,0.000000,0.000000,0.000000,0.000000,0.000000,0.000000,0.000000,0.000000,0.000000,0.000000
442.000000,555.000000,320.000000,140.000000,0.000000,0.000000,0.000000,0.000000,0.000000,0.000000,0.000000,0.000000,0.000000,0.000000,0.000000,0.000000,0.000000,0.000000,0.000000,0.000000,0.000000,0.000000,0.000000,0.000000,0.000000
413.000000,546.000000,318.000000,0.000000,0.000000,0.000000,0.000000,0.000000,0.000000,0.000000,0.000000,0.000000,0.000000,0.000000,0.000000,0.000000,0.000000,0.000000,0.000000,0.000000,0.000000,0.000000,0.000000,0.000000,0.000000
422.000000,533.000000,271.000000,0.000000,0.000000,0.000000,0.000000,0.000000,0.000000,0.000000,0.000000,0.000000,0.000000,0.000000,0.000000,0.000000,0.000000,0.000000,0.000000,0.000000,0.000000,0.000000,0.000000,0.000000,0.000000
354.000000,536.000000,298.000000,138.000000,0.000000,0.000000,0.000000,0.000000,0.000000,0.000000,0.000000,0.000000,0.000000,0.000000,0.000000,0.000000,0.000000,0.000000,0.000000,0.000000,0.000000,0.000000,0.000000,0.000000,0.000000
358.000000,539.000000,297.000000,136.000000,0.000000,0.000000,0.000000,0.000000,0.000000,0.000000,0.000000,0.000000,0.000000,0.000000,0.000000,0.000000,0.000000,0.000000,0.000000,0.000000,0.000000,0.000000,0.000000,0.000000,0.000000
358.000000,502.000000,290.000000,121.000000,0.000000,0.000000,0.000000,0.000000,0.000000,0.000000,0.000000,0.000000,0.000000,0.000000,0.000000,0.000000,0.000000,0.000000,0.000000,0.000000,0.000000,0.000000,0.000000,0.000000,0.000000
0.000000,0.000000,0.000000,0.000000,0.000000,0.000000,0.000000,0.000000,0.000000,0.000000,0.000000,0.000000,0.000000,0.000000,0.000000,0.000000,0.000000,0.000000,0.000000,0.000000,0.000000,0.000000,0.000000,0.000000,0.000000
0.000000,0.000000,0.000000,0.000000,0.000000,0.000000,0.000000,0.000000,0.000000,0.000000,0.000000,0.000000,0.000000,0.000000,0.000000,0.000000,0.000000,0.000000,0.000000,0.000000,0.000000,0.000000,0.000000,0.000000,0.000000
0.000000,0.000000,0.000000,0.000000,0.000000,0.000000,0.000000,0.000000,0.000000,0.000000,0.000000,0.000000,0.000000,0.000000,0.000000,0.000000,0.000000,0.000000,0.000000,0.000000,0.000000,0.000000,0.000000,0.000000,0.000000
0.000000,0.000000,0.000000,0.000000,0.000000,0.000000,0.000000,0.000000,0.000000,0.000000,0.000000,0.000000,0.000000,0.000000,0.000000,0.000000,0.000000,0.000000,0.000000,0.000000,0.000000,0.000000,0.000000,0.000000,0.000000
0.000000,0.000000,0.000000,0.000000,0.000000,0.000000,0.000000,0.000000,0.000000,0.000000,0.000000,0.000000,0.000000,0.000000,0.000000,0.000000,0.000000,0.000000,0.000000,0.000000,0.000000,0.000000,0.000000,0.000000,0.000000
0.000000,0.000000,0.000000,0.000000,0.000000,0.000000,0.000000,0.000000,0.000000,0.000000,0.000000,0.000000,0.000000,0.000000,0.000000,0.000000,0.000000,0.000000,0.000000,0.000000,0.000000,0.000000,0.000000,0.000000,0.000000
0.000000,0.000000,0.000000,0.000000,0.000000,0.000000,0.000000,0.000000,0.000000,0.000000,0.000000,0.000000,0.000000,0.000000,0.000000,0.000000,0.000000,0.000000,0.000000,0.000000,0.000000,0.000000,0.000000,0.000000,0.000000
0.000000,0.000000,0.000000,0.000000,0.000000,0.000000,0.000000,0.000000,0.000000,0.000000,0.000000,0.000000,0.000000,0.000000,0.000000,0.000000,0.000000,0.000000,0.000000,0.000000,0.000000,0.000000,0.000000,0.000000,0.000000
0.000000,0.000000,0.000000,0.000000,0.000000,0.000000,0.000000,0.000000,0.000000,0.000000,0.000000,0.000000,0.000000,0.000000,0.000000,0.000000,0.000000,0.000000,0.000000,0.000000,0.000000,0.000000,0.000000,0.000000,0.000000
0.000000,0.000000,0.000000,0.000000,0.000000,0.000000,0.000000,0.000000,0.000000,0.000000,0.000000,0.000000,0.000000,0.000000,0.000000,0.000000,0.000000,0.000000,0.000000,0.000000,0.000000,0.000000,0.000000,0.000000,0.000000
0.000000,0.000000,0.000000,0.000000,0.000000,0.000000,0.000000,0.000000,0.000000,0.000000,0.000000,0.000000,0.000000,0.000000,0.000000,0.000000,0.000000,0.000000,0.000000,0.000000,0.000000,0.000000,0.000000,0.000000,0.000000
0.000000,0.000000,0.000000,0.000000,0.000000,0.000000,0.000000,0.000000,0.000000,0.000000,0.000000,0.000000,0.000000,0.000000,0.000000,0.000000,0.000000,0.000000,0.000000,0.000000,0.000000,0.000000,0.000000,0.000000,0.000000
0.000000,0.000000,0.000000,0.000000,0.000000,0.000000,0.000000,0.000000,0.000000,0.000000,0.000000,0.000000,0.000000,0.000000,0.000000,0.000000,0.000000,0.000000,0.000000,0.000000,0.000000,0.000000,0.000000,0.000000,0.000000
413.000000,0.000000,0.000000,0.000000,0.000000,0.000000,0.000000,0.000000,0.000000,0.000000,0.000000,0.000000,0.000000,0.000000,0.000000,0.000000,0.000000,0.000000,0.000000,0.000000,0.000000,0.000000,0.000000,0.000000,0.000000
396.000000,618.000000,0.000000,0.000000,0.000000,0.000000,0.000000,0.000000,0.000000,0.000000,0.000000,0.000000,0.000000,0.000000,0.000000,0.000000,0.000000,0.000000,0.000000,0.000000,0.000000,0.000000,0.000000,0.000000,0.000000
368.000000,601.000000,313.000000,0.000000,0.000000,0.000000,0.000000,0.000000,0.000000,0.000000,0.000000,0.000000,0.000000,0.000000,0.000000,0.000000,0.000000,0.000000,0.000000,0.000000,0.000000,0.000000,0.000000,0.000000,0.000000
372.000000,521.000000,258.000000,131.000000,0.000000,0.000000,0.000000,0.000000,0.000000,0.000000,0.000000,0.000000,0.000000,0.000000,0.000000,0.000000,0.000000,0.000000,0.000000,0.000000,0.000000,0.000000,0.000000,0.000000,0.000000
360.000000,517.000000,263.000000,130.000000,0.000000,0.000000,0.000000,0.000000,0.000000,0.000000,0.000000,0.000000,0.000000,0.000000,0.000000,0.000000,0.000000,0.000000,0.000000,0.000000,0.000000,0.000000,0.000000,0.000000,0.000000
444.000000,503.000000,280.000000,124.000000,0.000000,0.000000,0.000000,0.000000,0.000000,0.000000,0.000000,0.000000,0.000000,0.000000,0.000000,0.000000,0.000000,0.000000,0.000000,0.000000,0.000000,0.000000,0.000000,0.000000,0.000000
588.000000,524.000000,294.000000,121.000000,0.000000,1190.000000,0.000000,0.000000,0.000000,0.000000,0.000000,0.000000,0.000000,0.000000,0.000000,0.000000,0.000000,0.000000,0.000000,0.000000,0.000000,0.000000,0.000000,0.000000,0.000000
661.000000,533.000000,304.000000,119.000000,0.000000,832.000000,0.000000,0.000000,0.000000,0.000000,0.000000,0.000000,0.000000,0.000000,0.000000,0.000000,0.000000,0.000000,0.000000,0.000000,0.000000,0.000000,0.000000,0.000000,0.000000
798.000000,567.000000,366.000000,127.000000,0.000000,814.000000,0.000000,0.000000,0.000000,0.000000,0.000000,0.000000,0.000000,0.000000,0.000000,0.000000,0.000000,0.000000,0.000000,0.000000,0.000000,0.000000,0.000000,0.000000,0.000000
862.000000,525.000000,452.000000,135.000000,0.000000,860.000000,0.000000,1934.000000,0.000000,0.000000,0.000000,0.000000,0.000000,0.000000,0.000000,0.000000,0.000000,0.000000,0.000000,0.000000,0.000000,0.000000,0.000000,0.000000,0.000000
962.000000,571.000000,503.000000,150.000000,0.000000,878.000000,0.000000,1971.000000,0.000000,0.000000,0.000000,0.000000,0.000000,0.000000,0.000000,0.000000,0.000000,0.000000,0.000000,0.000000,0.000000,0.000000,0.000000,0.000000,0.000000
1137.000000,639.000000,624.000000,184.000000,0.000000,811.000000,0.000000,1975.000000,0.000000,0.000000,0.000000,0.000000,0.000000,0.000000,0.000000,0.000000,0.000000,0.000000,0.000000,0.000000,0.000000,0.000000,0.000000,0.000000,0.000000
1413.000000,732.000000,737.000000,215.000000,0.000000,900.000000,0.000000,1952.000000,0.000000,0.000000,0.000000,0.000000,2020.000000,0.000000,0.000000,0.000000,0.000000,0.000000,0.000000,0.000000,0.000000,0.000000,0.000000,0.000000,0.000000
1582.000000,1073.000000,857.000000,298.000000,0.000000,1601.000000,0.000000,1995.000000,0.000000,0.000000,0.000000,0.000000,1953.000000,0.000000,0.000000,0.000000,0.000000,0.000000,0.000000,0.000000,0.000000,0.000000,0.000000,0.000000,0.000000
1763.000000,1400.000000,865.000000,474.000000,0.000000,1947.000000,0.000000,1924.000000,0.000000,0.000000,0.000000,0.000000,2030.000000,0.000000,0.000000,0.000000,0.000000,0.000000,0.000000,0.000000,0.000000,0.000000,0.000000,0.000000,0.000000
1933.000000,1515.000000,1019.000000,532.000000,373.000000,1936.000000,0.000000,2021.000000,0.000000,0.000000,0.000000,0.000000,1992.000000,0.000000,0.000000,0.000000,0.000000,0.000000,0.000000,0.000000,0.000000,0.000000,0.000000,0.000000,0.000000
1953.000000,1617.000000,1033.000000,638.000000,537.000000,1979.000000,0.000000,1949.000000,0.000000,0.000000,0.000000,0.000000,2038.000000,0.000000,0.000000,0.000000,0.000000,0.000000,0.000000,0.000000,0.000000,0.000000,0.000000,0.000000,0.000000
1934.000000,1736.000000,1026.000000,696.000000,751.000000,1939.000000,0.000000,1894.000000,0.000000,0.000000,0.000000,0.000000,2075.000000,0.000000,0.000000,0.000000,0.000000,0.000000,0.000000,0.000000,0.000000,0.000000,0.000000,0.000000,0.000000
1811.000000,1799.000000,1164.000000,715.000000,841.000000,1923.000000,0.000000,1749.000000,0.000000,0.000000,0.000000,0.000000,2014.000000,2037.000000,0.000000,0.000000,0.000000,0.000000,0.000000,0.000000,0.000000,0.000000,0.000000,0.000000,0.000000
1724.000000,1806.000000,1126.000000,732.000000,816.000000,1930.000000,0.000000,1805.000000,0.000000,0.000000,0.000000,0.000000,1912.000000,2028.000000,0.000000,0.000000,0.000000,0.000000,0.000000,0.000000,0.000000,0.000000,0.000000,0.000000,0.000000
1775.000000,1496.000000,1197.000000,757.000000,785.000000,2046.000000,0.000000,1255.000000,2007.000000,0.000000,0.000000,0.000000,1954.000000,1944.000000,0.000000,0.000000,0.000000,0.000000,0.000000,0.000000,0.000000,0.000000,0.000000,0.000000,0.000000
1671.000000,883.000000,1204.000000,771.000000,763.000000,1943.000000,0.000000,813.000000,2070.000000,1566.000000,0.000000,0.000000,1772.000000,1521.000000,0.000000,0.000000,0.000000,0.000000,0.000000,0.000000,0.000000,0.000000,0.000000,0.000000,0.000000
1483.000000,573.000000,1178.000000,750.000000,700.000000,2078.000000,0.000000,595.000000,2072.000000,1355.000000,2036.000000,0.000000,1756.000000,615.000000,0.000000,0.000000,0.000000,0.000000,0.000000,0.000000,0.000000,0.000000,0.000000,0.000000,0.000000
1040.000000,469.000000,1108.000000,834.000000,362.000000,1971.000000,0.000000,446.000000,2030.000000,1354.000000,2020.000000,1366.000000,1739.000000,437.000000,0.000000,0.000000,0.000000,0.000000,0.000000,0.000000,0.000000,0.000000,0.000000,0.000000,0.000000
493.000000,313.000000,1180.000000,768.000000,108.000000,1966.000000,2061.000000,298.000000,2022.000000,1264.000000,2030.000000,1268.000000,1158.000000,263.000000,0.000000,0.000000,0.000000,0.000000,0.000000,0.000000,0.000000,0.000000,0.000000,0.000000,0.000000
547.000000,405.000000,1247.000000,825.000000,106.000000,2071.000000,2052.000000,306.000000,1929.000000,1338.000000,1954.000000,1192.000000,916.000000,304.000000,0.000000,0.000000,0.000000,0.000000,0.000000,0.000000,0.000000,0.000000,0.000000,0.000000,0.000000
576.000000,426.000000,1238.000000,796.000000,81.000000,2032.000000,1972.000000,296.000000,1868.000000,1236.000000,2044.000000,1145.000000,919.000000,316.000000,0.000000,0.000000,0.000000,0.000000,0.000000,0.000000,0.000000,0.000000,0.000000,0.000000,0.000000
880.000000,0.000000,1351.000000,762.000000,121.000000,2032.000000,2009.000000,391.000000,1491.000000,1353.000000,2030.000000,1163.000000,1094.000000,375.000000,0.000000,0.000000,0.000000,0.000000,0.000000,0.000000,0.000000,0.000000,0.000000,0.000000,0.000000
1510.000000,0.000000,1289.000000,744.000000,199.000000,1962.000000,1998.000000,509.000000,1442.000000,1411.000000,1964.000000,1201.000000,0.000000,513.000000,0.000000,0.000000,0.000000,0.000000,0.000000,0.000000,0.000000,0.000000,0.000000,0.000000,0.000000
0.000000,1597.000000,1277.000000,654.000000,279.000000,2000.000000,1644.000000,541.000000,1418.000000,1338.000000,1732.000000,1127.000000,0.000000,597.000000,0.000000,0.000000,0.000000,0.000000,0.000000,0.000000,0.000000,0.000000,0.000000,0.000000,0.000000
0.000000,1691.000000,1264.000000,662.000000,311.000000,0.000000,1577.000000,656.000000,1215.000000,1256.000000,1496.000000,1214.000000,1863.000000,719.000000,0.000000,0.000000,0.000000,0.000000,0.000000,0.000000,0.000000,0.000000,0.000000,0.000000,0.000000
1852.000000,1753.000000,1277.000000,680.000000,286.000000,0.000000,1759.000000,613.000000,1039.000000,1085.000000,0.000000,1120.000000,1591.000000,678.000000,0.000000,0.000000,0.000000,0.000000,0.000000,0.000000,0.000000,0.000000,0.000000,0.000000,0.000000
1901.000000,1271.000000,1322.000000,639.000000,137.000000,1999.000000,1731.000000,357.000000,625.000000,1118.000000,0.000000,1091.000000,1434.000000,392.000000,0.000000,0.000000,0.000000,0.000000,0.000000,0.000000,0.000000,0.000000,0.000000,0.000000,0.000000
1271.000000,1029.000000,1343.000000,662.000000,181.000000,1984.000000,1633.000000,270.000000,475.000000,1181.000000,1010.000000,1109.000000,1307.000000,323.000000,0.000000,0.000000,0.000000,0.000000,0.000000,0.000000,0.000000,0.000000,0.000000,0.000000,0.000000
1729.000000,1461.000000,1425.000000,644.000000,274.000000,2035.000000,1639.000000,347.000000,548.000000,0.000000,826.000000,1075.000000,1397.000000,452.000000,0.000000,0.000000,0.000000,0.000000,0.000000,0.000000,0.000000,0.000000,0.000000,0.000000,0.000000
1834.000000,1434.000000,1503.000000,576.000000,214.000000,1850.000000,1445.000000,349.000000,438.000000,0.000000,841.000000,1116.000000,1362.000000,479.000000,0.000000,0.000000,0.000000,0.000000,0.000000,0.000000,0.000000,0.000000,0.000000,0.000000,0.000000
1575.000000,1238.000000,1437.000000,564.000000,129.000000,1640.000000,1323.000000,353.000000,333.000000,1337.000000,617.000000,1058.000000,1386.000000,388.000000,0.000000,0.000000,0.000000,0.000000,0.000000,0.000000,0.000000,0.000000,0.000000,0.000000,0.000000
1680.000000,1512.000000,1466.000000,616.000000,133.000000,1097.000000,1439.000000,350.000000,304.000000,1206.000000,618.000000,1033.000000,1365.000000,390.000000,0.000000,0.000000,0.000000,0.000000,0.000000,0.000000,0.000000,0.000000,0.000000,0.000000,0.000000
1697.000000,1598.000000,1520.000000,663.000000,143.000000,907.999939,1580.000000,319.000000,325.000000,1122.000000,628.000000,1127.000000,1350.000000,436.000000,0.000000,0.000000,0.000000,0.000000,0.000000,0.000000,0.000000,0.000000,0.000000,0.000000,0.000000
1759.000000,1741.000000,1504.000000,649.000000,145.000000,751.998901,1622.000000,326.000000,299.000000,1125.000000,582.000000,1014.000000,1247.000000,255.000015,0.000000,0.000000,0.000000,0.000000,0.000000,0.000000,0.000000,0.000000,0.000000,0.000000,0.000000
1802.000000,1805.000000,1475.000000,699.000000,130.000000,703.000000,1764.000000,282.000000,262.000000,1036.000000,625.000000,971.000000,1144.000000,215.000000,0.000000,0.000000,0.000000,0.000000,0.000000,0.000000,0.000000,0.000000,0.000000,0.000000,0.000000
1723.000000,1747.000000,1445.000000,656.000000,137.000000,704.000000,1735.000000,256.000000,247.000000,1045.000000,562.000000,1063.000000,1194.000000,319.000000,0.000000,0.000000,0.000000,0.000000,0.000000,0.000000,0.000000,0.000000,0.000000,0.000000,0.000000
1718.000000,1806.000000,1524.000000,636.000000,128.000000,651.000000,1773.000000,265.000000,259.000000,948.000000,523.000000,1018.000000,1292.000000,335.000000,0.000000,0.000000,0.000000,0.000000,0.000000,0.000000,0.000000,0.000000,0.000000,0.000000,0.000000
1754.000000,1682.000000,1480.000000,646.000000,134.000000,651.000000,1725.000000,260.000000,263.000000,944.000000,559.000000,1015.000000,1267.000000,329.000000,0.000000,0.000000,0.000000,0.000000,0.000000,0.000000,0.000000,0.000000,0.000000,0.000000,0.000000
1678.000000,1683.000000,1495.000000,625.000000,122.000000,704.000366,1886.000000,228.000000,247.000000,908.000000,500.000000,906.000000,1215.000000,342.000000,0.000000,0.000000,0.000000,0.000000,0.000000,0.000000,0.000000,0.000000,0.000000,0.000000,0.000000
1660.000000,1732.000000,1438.000000,619.000000,134.000000,669.002319,1789.000000,235.000000,238.000000,835.000000,503.000000,891.000000,1113.000000,357.000000,0.000000,0.000000,0.000000,0.000000,0.000000,0.000000,0.000000,0.000000,0.000000,0.000000,0.000000
0.000000,0.000000,0.000000,0.000000,0.000000,0.000000,0.000000,0.000000,0.000000,0.000000,0.000000,0.000000,0.000000,0.000000,0.000000,0.000000,0.000000,0.000000,0.000000,0.000000,0.000000,0.000000,0.000000,0.000000,0.000000
0.000000,0.000000,0.000000,0.000000,0.000000,0.000000,0.000000,0.000000,0.000000,0.000000,0.000000,0.000000,0.000000,0.000000,0.000000,0.000000,0.000000,0.000000,0.000000,0.000000,0.000000,0.000000,0.000000,0.000000,0.000000
1783.000000,1619.000000,1516.000000,0.000000,198.000000,798.000000,1822.000000,585.000000,371.000000,994.000000,579.000000,1060.000000,1366.000000,450.000000,0.000000,0.000000,0.000000,0.000000,0.000000,0.000000,0.000000,0.000000,0.000000,0.000000,0.000000
1788.000000,1633.000000,1314.000000,0.000000,145.000000,835.000000,1864.000000,310.000000,296.000000,835.000000,598.000000,964.000000,1178.000000,425.000000,0.000000,0.000000,0.000000,0.000000,0.000000,0.000000,0.000000,0.000000,0.000000,0.000000,0.000000
1699.000000,1384.000000,1359.000000,0.000000,158.000000,890.000000,1860.000000,282.000000,284.000000,780.000000,597.000000,912.000000,1106.000000,512.000000,0.000000,0.000000,0.000000,0.000000,0.000000,0.000000,0.000000,0.000000,0.000000,0.000000,0.000000
1800.000000,1119.000000,1302.000000,0.000000,183.000000,886.000000,1733.000000,245.000000,264.000000,759.000000,675.000000,881.000000,1071.000000,560.000000,0.000000,0.000000,0.000000,0.000000,0.000000,0.000000,0.000000,0.000000,0.000000,0.000000,0.000000
1667.000000,1047.000000,1268.000000,0.000000,211.000000,873.000000,1842.000000,236.000000,269.000000,697.000000,694.000000,813.000000,1082.000000,562.000000,0.000000,0.000000,0.000000,0.000000,0.000000,0.000000,0.000000,0.000000,0.000000,0.000000,0.000000
1744.000000,1010.000000,1211.000000,0.000000,197.000000,855.000000,1830.000000,228.000000,259.000000,686.000000,674.000000,772.000000,1022.000000,543.000000,0.000000,0.000000,0.000000,0.000000,0.000000,0.000000,0.000000,0.000000,0.000000,0.000000,0.000000
1667.000000,1141.000000,1214.000000,0.000000,278.000000,970.000000,1808.000000,231.000000,283.000000,715.000000,0.000000,719.000000,1057.000000,702.000000,0.000000,0.000000,0.000000,0.000000,0.000000,0.000000,0.000000,0.000000,0.000000,0.000000,0.000000
1725.000000,858.000000,1280.000000,0.000000,194.000000,776.000000,1818.000000,207.000000,212.000000,650.000000,776.000000,654.000000,1007.000000,553.000000,0.000000,0.000000,0.000000,0.000000,0.000000,0.000000,0.000000,0.000000,0.000000,0.000000,0.000000
1700.000000,809.000000,1247.000000,0.000000,229.000000,686.000000,1752.000000,201.000000,213.000000,653.000000,693.000000,654.000000,975.000000,558.000000,0.000000,0.000000,0.000000,0.000000,0.000000,0.000000,0.000000,0.000000,0.000000,0.000000,0.000000
1610.000000,782.000000,1256.000000,0.000000,227.000000,693.000000,1748.000000,174.000000,215.000000,667.000000,702.000000,643.000000,947.000000,581.000000,0.000000,0.000000,0.000000,0.000000,0.000000,0.000000,0.000000,0.000000,0.000000,0.000000,0.000000
1658.000000,733.000000,1350.000000,0.000000,243.000000,642.000000,1869.000000,174.000000,218.000000,596.000000,694.000000,596.000000,927.000000,571.000000,0.000000,0.000000,0.000000,0.000000,0.000000,0.000000,0.000000,0.000000,0.000000,0.000000,0.000000
1617.000000,726.000000,1273.000000,0.000000,232.000000,751.000000,1717.000000,162.000000,190.000000,516.000000,693.000000,605.000000,846.000000,555.000000,0.000000,0.000000,0.000000,0.000000,0.000000,0.000000,0.000000,0.000000,0.000000,0.000000,0.000000
1494.000000,608.000000,1274.000000,748.000000,216.000000,682.000000,1753.000000,139.000000,193.000000,474.000000,700.000000,0.000000,869.000000,499.000000,0.000000,0.000000,0.000000,0.000000,0.000000,0.000000,0.000000,0.000000,0.000000,0.000000,0.000000
1585.000000,867.000000,1329.000000,724.000000,354.000000,695.000000,0.000000,182.000000,233.000000,534.000000,860.000000,0.000000,774.000000,638.000000,0.000000,0.000000,0.000000,0.000000,0.000000,0.000000,0.000000,0.000000,0.000000,0.000000,0.000000
1621.000000,821.000000,1309.000000,775.000000,382.000000,720.000000,0.000000,167.000000,247.000000,550.000000,787.000000,675.000000,698.000000,0.000000,0.000000,0.000000,0.000000,0.000000,0.000000,0.000000,0.000000,0.000000,0.000000,0.000000,0.000000
1567.000000,569.000000,1323.000000,740.000000,226.000000,590.000000,1820.000000,139.000000,210.000000,496.000000,671.000000,563.000000,577.000000,0.000000,0.000000,0.000000,0.000000,0.000000,0.000000,0.000000,0.000000,0.000000,0.000000,0.000000,0.000000
1597.000000,486.000000,1220.000000,789.000000,0.000000,550.000000,1817.000000,116.000000,189.000000,492.000000,558.000000,616.000000,448.000000,588.000000,0.000000,0.000000,0.000000,0.000000,0.000000,0.000000,0.000000,0.000000,0.000000,0.000000,0.000000
1486.000000,499.000000,1222.000000,863.000000,0.000000,538.000000,1772.000000,99.000000,171.000000,486.000000,625.000000,552.000000,433.000000,432.000000,0.000000,0.000000,0.000000,0.000000,0.000000,0.000000,0.000000,0.000000,0.000000,0.000000,0.000000
1488.000000,432.000000,1296.000000,906.000000,183.000000,532.000000,1824.000000,98.000000,174.000000,446.000000,566.000000,519.000000,322.000000,265.000000,0.000000,0.000000,0.000000,0.000000,0.000000,0.000000,0.000000,0.000000,0.000000,0.000000,0.000000
1501.000000,510.000000,1237.000000,902.000000,202.000000,564.000000,1835.000000,100.000000,0.000000,439.000000,550.000000,516.000000,336.000000,424.000000,0.000000,0.000000,0.000000,0.000000,0.000000,0.000000,0.000000,0.000000,0.000000,0.000000,0.000000
1491.000000,485.000000,1337.000000,882.000000,224.000000,516.000000,1803.000000,95.000000,0.000000,433.000000,514.000000,508.000000,353.000000,449.000000,0.000000,0.000000,0.000000,0.000000,0.000000,0.000000,0.000000,0.000000,0.000000,0.000000,0.000000
1354.000000,401.000000,1337.000000,894.000000,189.000000,402.000000,1819.000000,75.000000,235.000000,393.000000,493.000000,526.000000,272.000000,389.000000,0.000000,0.000000,0.000000,0.000000,0.000000,0.000000,0.000000,0.000000,0.000000,0.000000,0.000000
1395.000000,400.000000,1258.000000,833.000000,185.000000,391.000000,1718.000000,74.000000,191.000000,388.000000,508.000000,510.000000,278.000000,420.000000,0.000000,0.000000,0.000000,0.000000,0.000000,0.000000,0.000000,0.000000,0.000000,0.000000,0.000000
1261.420776,688.177917,1208.538574,790.346497,0.000000,0.000000,1779.568237,865.226746,1195.144653,471.895538,0.000000,723.467957,0.000000,0.000000,0.000000,0.000000,0.000000,0.000000,0.000000,0.000000,0.000000,0.000000,0.000000,0.000000,0.000000
1106.713623,558.039917,1077.394897,756.442505,0.000000,0.000000,1617.629883,683.349121,1084.105591,438.296356,0.000000,679.526794,0.000000,0.000000,0.000000,0.000000,0.000000,0.000000,0.000000,0.000000,0.000000,0.000000,0.000000,0.000000,0.000000
1031.392578,477.771240,976.938110,702.755066,0.000000,0.000000,1522.417236,585.543762,949.528870,370.797913,0.000000,666.708069,0.000000,0.000000,0.000000,0.000000,0.000000,0.000000,0.000000,0.000000,0.000000,0.000000,0.000000,0.000000,0.000000
990.968811,444.149200,926.770508,639.206421,0.000000,0.000000,1483.052612,535.213562,853.809570,285.074280,0.000000,650.814697,0.000000,0.000000,0.000000,0.000000,0.000000,0.000000,0.000000,0.000000,0.000000,0.000000,0.000000,0.000000,0.000000
915.348877,413.981537,837.689941,458.366852,0.000000,0.000000,1313.053223,483.886597,794.233398,270.847046,0.000000,633.269653,0.000000,0.000000,0.000000,0.000000,0.000000,0.000000,0.000000,0.000000,0.000000,0.000000,0.000000,0.000000,0.000000
834.258789,397.229858,780.669617,403.683533,0.000000,0.000000,1174.897461,456.451721,771.382629,264.886383,0.000000,621.307922,0.000000,0.000000,0.000000,0.000000,0.000000,0.000000,0.000000,0.000000,0.000000,0.000000,0.000000,0.000000,0.000000
756.892822,377.162567,722.027466,392.737396,0.000000,0.000000,1034.549194,424.451416,745.163818,256.900879,0.000000,606.983337,0.000000,0.000000,0.000000,0.000000,0.000000,0.000000,0.000000,0.000000,0.000000,0.000000,0.000000,0.000000,0.000000
722.458008,362.644653,688.136353,385.123047,0.000000,0.000000,974.027100,403.466370,726.539368,251.365005,0.000000,597.493103,0.000000,0.000000,0.000000,0.000000,0.000000,0.000000,0.000000,0.000000,0.000000,0.000000,0.000000,0.000000,0.000000
685.568176,344.089905,649.325195,371.575043,0.000000,0.000000,910.147095,379.260559,700.347351,244.056290,0.000000,580.304504,0.000000,0.000000,0.000000,0.000000,0.000000,0.000000,0.000000,0.000000,0.000000,0.000000,0.000000,0.000000,0.000000
666.870789,332.139679,628.779053,357.458038,0.000000,0.000000,875.067078,363.478577,677.918884,238.417389,0.000000,568.608032,0.000000,0.000000,0.000000,0.000000,0.000000,0.000000,0.000000,0.000000,0.000000,0.000000,0.000000,0.000000,0.000000
643.358337,315.799286,608.297058,325.535339,0.000000,0.000000,831.748535,344.897888,644.347595,231.649384,0.000000,555.481140,0.000000,0.000000,0.000000,0.000000,0.000000,0.000000,0.000000,0.000000,0.000000,0.000000,0.000000,0.000000,0.000000
625.800781,305.404327,597.103699,299.729645,0.000000,0.000000,807.837952,334.228699,622.112244,226.840973,0.000000,545.221985,0.000000,0.000000,0.000000,0.000000,0.000000,0.000000,0.000000,0.000000,0.000000,0.000000,0.000000,0.000000,0.000000
593.533997,287.374908,575.198669,270.129974,0.000000,0.000000,777.420532,319.899292,577.948181,215.855118,0.000000,521.839478,0.000000,0.000000,0.000000,0.000000,0.000000,0.000000,0.000000,0.000000,0.000000,0.000000,0.000000,0.000000,0.000000
576.254700,286.554077,568.045410,260.229309,0.000000,0.000000,1018.958191,234.169510,573.415955,214.076660,0.000000,513.712830,0.000000,0.000000,0.000000,0.000000,0.000000,0.000000,0.000000,0.000000,0.000000,0.000000,0.000000,0.000000,0.000000
524.140381,251.220535,505.368317,225.479889,0.000000,0.000000,726.367126,317.055115,492.583252,193.812744,0.000000,467.799164,0.000000,0.000000,0.000000,0.000000,0.000000,0.000000,0.000000,0.000000,0.000000,0.000000,0.000000,0.000000,0.000000
566.284363,263.872009,561.051941,227.865509,0.000000,0.000000,741.703613,0.000000,510.002441,202.096451,0.000000,498.245514,0.000000,0.000000,0.000000,0.000000,0.000000,0.000000,0.000000,0.000000,0.000000,0.000000,0.000000,0.000000,0.000000
518.127441,276.086151,554.827637,214.767822,0.000000,0.000000,765.231201,0.000000,494.296448,195.225769,0.000000,484.369537,0.000000,0.000000,0.000000,0.000000,0.000000,0.000000,0.000000,0.000000,0.000000,0.000000,0.000000,0.000000,0.000000
491.117310,275.764893,535.748596,207.720016,0.000000,0.000000,756.526672,0.000000,486.898499,191.376694,0.000000,474.794586,0.000000,0.000000,0.000000,0.000000,0.000000,0.000000,0.000000,0.000000,0.000000,0.000000,0.000000,0.000000,0.000000
459.325562,272.360565,515.201477,199.641113,0.000000,0.000000,739.245667,0.000000,475.800232,186.230652,0.000000,465.676605,0.000000,0.000000,0.000000,0.000000,0.000000,0.000000,0.000000,0.000000,0.000000,0.000000,0.000000,0.000000,0.000000
440.939758,269.500031,503.198486,194.074387,0.000000,0.000000,724.098877,0.000000,468.551178,182.852692,0.000000,460.951447,0.000000,0.000000,0.000000,0.000000,0.000000,0.000000,0.000000,0.000000,0.000000,0.000000,0.000000,0.000000,0.000000
419.431030,265.266083,486.536041,187.225357,0.000000,0.000000,702.962341,0.000000,457.372467,178.299042,0.000000,455.086243,0.000000,0.000000,0.000000,0.000000,0.000000,0.000000,0.000000,0.000000,0.000000,0.000000,0.000000,0.000000,0.000000
407.273346,262.438446,474.721039,183.189148,0.000000,0.000000,689.628479,0.000000,448.274078,174.947678,0.000000,450.898438,0.000000,0.000000,0.000000,0.000000,0.000000,0.000000,0.000000,0.000000,0.000000,0.000000,0.000000,0.000000,0.000000
393.387817,258.529419,457.995422,176.233276,0.000000,0.000000,671.764221,0.000000,438.755890,170.972549,0.000000,445.301178,0.000000,0.000000,0.000000,0.000000,0.000000,0.000000,0.000000,0.000000,0.000000,0.000000,0.000000,0.000000,0.000000
383.375641,255.710236,445.605194,171.886520,0.000000,0.000000,661.066528,0.000000,430.554749,167.837387,0.000000,441.064819,0.000000,0.000000,0.000000,0.000000,0.000000,0.000000,0.000000,0.000000,0.000000,0.000000,0.000000,0.000000,0.000000
370.465363,251.152878,431.113464,165.623077,0.000000,0.000000,646.612549,0.000000,420.848694,163.839111,0.000000,435.629028,0.000000,0.000000,0.000000,0.000000,0.000000,0.000000,0.000000,0.000000,0.000000,0.000000,0.000000,0.000000,0.000000
361.147034,247.881851,422.014709,161.220200,0.000000,0.000000,635.360291,0.000000,413.562164,161.078568,0.000000,431.733002,0.000000,0.000000,0.000000,0.000000,0.000000,0.000000,0.000000,0.000000,0.000000,0.000000,0.000000,0.000000,0.000000
348.996490,242.924118,410.094696,155.286270,0.000000,0.000000,616.437256,0.000000,403.836823,157.011810,0.000000,425.886810,0.000000,0.000000,0.000000,0.000000,0.000000,0.000000,0.000000,0.000000,0.000000,0.000000,0.000000,0.000000,0.000000
341.006165,239.150558,402.177643,151.543793,0.000000,0.000000,605.285828,0.000000,397.249695,153.942703,0.000000,419.902100,0.000000,0.000000,0.000000,0.000000,0.000000,0.000000,0.000000,0.000000,0.000000,0.000000,0.000000,0.000000,0.000000
331.042511,234.583862,390.977020,146.785095,0.000000,0.000000,591.011597,0.000000,388.650848,150.072937,0.000000,409.882111,0.000000,0.000000,0.000000,0.000000,0.000000,0.000000,0.000000,0.000000,0.000000,0.000000,0.000000,0.000000,0.000000
326.206146,231.312393,383.264221,143.579147,0.000000,0.000000,580.921387,0.000000,382.035217,147.354401,0.000000,402.940491,0.000000,0.000000,0.000000,0.000000,0.000000,0.000000,0.000000,0.000000,0.000000,0.000000,0.000000,0.000000,0.000000
311.952789,226.731949,373.027405,139.389786,0.000000,0.000000,567.450745,0.000000,374.035339,143.969589,0.000000,393.949493,0.000000,0.000000,0.000000,0.000000,0.000000,0.000000,0.000000,0.000000,0.000000,0.000000,0.000000,0.000000,0.000000
306.095612,223.391586,365.930847,136.535004,0.000000,0.000000,557.754822,0.000000,368.255524,141.693344,0.000000,388.107422,0.000000,0.000000,0.000000,0.000000,0.000000,0.000000,0.000000,0.000000,0.000000,0.000000,0.000000,0.000000,0.000000
296.418884,215.558853,352.592590,131.232452,0.000000,0.000000,527.488708,0.000000,356.533081,136.889999,0.000000,375.944489,0.000000,0.000000,0.000000,0.000000,0.000000,0.000000,0.000000,0.000000,0.000000,0.000000,0.000000,0.000000,0.000000
286.387634,209.746552,340.481079,126.241783,0.000000,0.000000,522.417053,0.000000,345.360046,132.739304,0.000000,364.576263,0.000000,0.000000,0.000000,0.000000,0.000000,0.000000,0.000000,0.000000,0.000000,0.000000,0.000000,0.000000,0.000000
287.646881,216.046722,346.835999,126.559959,0.000000,0.000000,296.665314,0.000000,366.981445,134.836258,0.000000,368.966553,0.000000,0.000000,0.000000,0.000000,0.000000,0.000000,0.000000,0.000000,0.000000,0.000000,0.000000,0.000000,0.000000
275.434509,252.223022,331.616394,124.175690,0.000000,0.000000,0.000000,0.000000,316.562714,129.317276,0.000000,370.822906,0.000000,0.000000,0.000000,0.000000,0.000000,0.000000,0.000000,0.000000,0.000000,0.000000,0.000000,0.000000,0.000000
261.877472,246.538239,320.779663,122.294479,0.000000,0.000000,0.000000,0.000000,310.829285,126.709900,0.000000,365.824341,0.000000,0.000000,0.000000,0.000000,0.000000,0.000000,0.000000,0.000000,0.000000,0.000000,0.000000,0.000000,0.000000
254.603409,243.705353,314.730743,120.659325,0.000000,0.000000,0.000000,0.000000,306.870331,125.186935,0.000000,362.548218,0.000000,0.000000,0.000000,0.000000,0.000000,0.000000,0.000000,0.000000,0.000000,0.000000,0.000000,0.000000,0.000000
248.117081,244.247070,309.165955,118.912491,0.000000,0.000000,0.000000,0.000000,303.213226,123.853966,0.000000,359.621490,0.000000,0.000000,0.000000,0.000000,0.000000,0.000000,0.000000,0.000000,0.000000,0.000000,0.000000,0.000000,0.000000
